{
    "P2K6Ymuv5tCuz9DJD2GtcRXKDo5sAeKdinYDC71gWzXZe5t": {
        "P2KKQBFNmxyD3vWMFFiV15m8w2bLgDBi4JQKm4b7wT8gxi7": {
            "sent": 123804.86035999999,
            "received": 0,
            "sentTimeStamp": [
                "1745811157",
                "1744384919",
                "1744296792",
                "1744295788"
            ],
            "receivedTimeStamp": []
        }
    },
    "P2KKQBFNmxyD3vWMFFiV15m8w2bLgDBi4JQKm4b7wT8gxi7": {
        "P2K6Ymuv5tCuz9DJD2GtcRXKDo5sAeKdinYDC71gWzXZe5t": {
            "sent": 0,
            "received": 123804.86035999999,
            "sentTimeStamp": [],
            "receivedTimeStamp": [
                "1745811157",
                "1744384919",
                "1744296792",
                "1744295788"
            ]
        },
        "P2KC2rmFMz3ufDdYyU2hyPQxYyHgmB2actMSHV8GSmyTc8i": {
            "sent": 0,
            "received": 17000.0,
            "sentTimeStamp": [],
            "receivedTimeStamp": [
                "1744924903"
            ]
        },
        "P2KCYuy5rNiZsiaEk2nPHuRVWARAyrwH6aWkY1SHoCn8mkB": {
            "sent": 0.75999998,
            "received": 2.75999998,
            "sentTimeStamp": [
                "1744314375"
            ],
            "receivedTimeStamp": [
                "1744385213",
                "1744385168"
            ]
        },
        "S3d7TbZxtNPdXy11hfmBLJLYn67gZTG2ibL7fJBcVdihWU4": {
            "sent": 2e-08,
            "received": 0,
            "sentTimeStamp": [
                "1744303397"
            ],
            "receivedTimeStamp": []
        },
        "P2KCi2dSYUseZ92WLREFW8oNHuukhVjGJLDW6NmZTSWJZbk": {
            "sent": 0,
            "received": 2000.0,
            "sentTimeStamp": [],
            "receivedTimeStamp": [
                "1691757743",
                "1683630608"
            ]
        },
        "P2K3pjd8RokaqxrDrYzE5Ff4p14rkmGjFadpULuJjDVBWkA": {
            "sent": 0,
            "received": 15000.0,
            "sentTimeStamp": [],
            "receivedTimeStamp": [
                "1689388992",
                "1688743507",
                "1688141707",
                "1687533027",
                "1686920826",
                "1686315426",
                "1685744527",
                "1684485453"
            ]
        },
        "P2K862JDWSHZCemFRhHTf1tPBKUDDq1VU516b2hWGpdzjkT": {
            "sent": 0,
            "received": 998.0,
            "sentTimeStamp": [],
            "receivedTimeStamp": [
                "1689388531"
            ]
        }
    },
    "P2KC2rmFMz3ufDdYyU2hyPQxYyHgmB2actMSHV8GSmyTc8i": {
        "P2KKQBFNmxyD3vWMFFiV15m8w2bLgDBi4JQKm4b7wT8gxi7": {
            "sent": 17000.0,
            "received": 0,
            "sentTimeStamp": [
                "1744924903"
            ],
            "receivedTimeStamp": []
        }
    },
    "P2KCYuy5rNiZsiaEk2nPHuRVWARAyrwH6aWkY1SHoCn8mkB": {
        "P2KKQBFNmxyD3vWMFFiV15m8w2bLgDBi4JQKm4b7wT8gxi7": {
            "sent": 2.75999998,
            "received": 0.75999998,
            "sentTimeStamp": [
                "1744385213",
                "1744385168"
            ],
            "receivedTimeStamp": [
                "1744314375"
            ]
        }
    },
    "S3d7TbZxtNPdXy11hfmBLJLYn67gZTG2ibL7fJBcVdihWU4": {
        "P2KKQBFNmxyD3vWMFFiV15m8w2bLgDBi4JQKm4b7wT8gxi7": {
            "sent": 0,
            "received": 2e-08,
            "sentTimeStamp": [],
            "receivedTimeStamp": [
                "1744303397"
            ]
        }
    },
    "P2KCi2dSYUseZ92WLREFW8oNHuukhVjGJLDW6NmZTSWJZbk": {
        "P2KKQBFNmxyD3vWMFFiV15m8w2bLgDBi4JQKm4b7wT8gxi7": {
            "sent": 2000.0,
            "received": 0,
            "sentTimeStamp": [
                "1691757743",
                "1683630608"
            ],
            "receivedTimeStamp": []
        }
    },
    "P2K3pjd8RokaqxrDrYzE5Ff4p14rkmGjFadpULuJjDVBWkA": {
        "P2KKQBFNmxyD3vWMFFiV15m8w2bLgDBi4JQKm4b7wT8gxi7": {
            "sent": 15000.0,
            "received": 0,
            "sentTimeStamp": [
                "1689388992",
                "1688743507",
                "1688141707",
                "1687533027",
                "1686920826",
                "1686315426",
                "1685744527",
                "1684485453"
            ],
            "receivedTimeStamp": []
        }
    },
    "P2K862JDWSHZCemFRhHTf1tPBKUDDq1VU516b2hWGpdzjkT": {
        "P2KKQBFNmxyD3vWMFFiV15m8w2bLgDBi4JQKm4b7wT8gxi7": {
            "sent": 998.0,
            "received": 0,
            "sentTimeStamp": [
                "1689388531"
            ],
            "receivedTimeStamp": []
        }
    }
}